5/5/2022 09:36:30: [G_Auto 1] :  Store Text Value (Shared) for Hugo Grenier: info = marketName: Grenier v Altmaier - Match Odds; runnerA: Hugo Grenier; runnerB: Daniel Altmaier 
5/5/2022 09:36:30: [G_Auto 1] :  Store Value (Shared) for market: aId = 8813394
5/5/2022 09:36:30: [G_Auto 1] :  Store Value (Shared) for market: bId = 9632088
5/5/2022 14:25:33:  Guardian has detected that the market is in-play
5/5/2022 14:25:33:  Guardian has detected that the market is suspended
5/5/2022 14:25:34: [G_Auto 1] :  Store Text Value (Shared) for market: inplayInfo = aBsp: 3.9; bBsp: 1.33; volume: 759.13 
5/5/2022 14:25:34: [G_Auto 1] :  Store Text Value (Shared) for market: inplayInfo = aBsp: 3.9; bBsp: 1.33; volume: 759.13 
5/5/2022 14:25:34:  Guardian has detected that the market is now unsuspended
5/5/2022 14:25:37: [G_Auto 2] :  € 100.00 Lay bet placed on Daniel Altmaier at 1.1. Entirely unmatched when it initially reached the market.   Ref: 13730
5/5/2022 14:25:37: [G_Auto 4] :  € 20.00 Lay bet placed on Daniel Altmaier at 1.3. Entirely unmatched when it initially reached the market.   Ref: 13731
5/5/2022 14:25:37: [G_Auto 2] :  € 100.00 Lay bet placed on Hugo Grenier at 1.1. Entirely unmatched when it initially reached the market.   Ref: 13733
5/5/2022 14:25:37: [G_Auto 3] :  € 50.00 Lay bet placed on Hugo Grenier at 1.2. Entirely unmatched when it initially reached the market.   Ref: 13734
5/5/2022 14:25:37: [G_Auto 3] :  € 50.00 Lay bet placed on Daniel Altmaier at 1.2. Entirely unmatched when it initially reached the market.   Ref: 13732
5/5/2022 14:25:37: [G_Auto 5] :  € 10.00 Lay bet placed on Hugo Grenier at 1.4. Entirely unmatched when it initially reached the market.   Ref: 13735
5/5/2022 14:25:37: [G_Auto 5] :  € 10.00 Lay bet placed on Daniel Altmaier at 1.4. Fully matched at 1.38.  Ref: 13736
5/5/2022 14:25:37: [G_Auto 4] :  € 20.00 Lay bet placed on Hugo Grenier at 1.3. Entirely unmatched when it initially reached the market.   Ref: 13737
5/5/2022 14:25:37: [G_Auto 1] :  Store Text Value (Shared) for Hugo Grenier: aPoints = point: ; games: ; sets:  
5/5/2022 14:25:37: [G_Auto 1] :  Store Text Value (Shared) for Hugo Grenier: aServing = serving:0
5/5/2022 14:25:37: [G_Auto 1] :  Store Text Value (Shared) for Daniel Altmaier: bPoints = point: ; games: ; sets:  
5/5/2022 14:25:37: [G_Auto 1] :  Store Text Value (Shared) for Daniel Altmaier: bServing = serving:0
5/5/2022 14:25:37: [G_Auto 1] :  Store Value (Shared) for market: price = 1.38
5/5/2022 14:25:37: [G_Auto 1] :  Store Value (Shared) for market: totalBack = 0
5/5/2022 14:25:37: [G_Auto 1] :  Store Value (Shared) for market: totalLay = 10
5/5/2022 14:25:37: [G_Auto 1] :  Store Value (Shared) for market: stake = 10
5/5/2022 14:25:37: [G_Auto 1] :  Store Value (Shared) for market: totalStake = 10
5/5/2022 14:25:37: [G_Auto 1] :  Store Value (Shared) for market: pl = -0.62
5/5/2022 14:25:37: [G_Auto 1] :  Store Value (Shared) for market: currentOddsA = 3.9
5/5/2022 14:25:37: [G_Auto 1] :  Store Value (Shared) for market: currentOddsB = 1.33
5/5/2022 14:25:43: [G_Auto 5] :  € 0.58 Back bet placed on Daniel Altmaier at 2.38. Entirely unmatched when it initially reached the market.   Ref: 13743
5/5/2022 14:25:43: [G_Auto 5] :  € 1.05 Back bet placed on Daniel Altmaier at 1.76. Entirely unmatched when it initially reached the market.   Ref: 13745
5/5/2022 14:25:43: [G_Auto 5] :  € 0.30 Back bet placed on Daniel Altmaier at 3.65. Entirely unmatched when it initially reached the market.   Ref: 13746
5/5/2022 14:25:43: [G_Auto 5] :  € 0.12 Back bet placed on Daniel Altmaier at 7.8. Entirely unmatched when it initially reached the market.   Ref: 13744
5/5/2022 14:25:43: [G_Auto 5] :  € 0.86 Back bet placed on Daniel Altmaier at 10. Entirely unmatched when it initially reached the market.   Ref: 13747
5/5/2022 14:32:15: [G_Auto 1] :  Store Text Value (Shared) for Hugo Grenier: aPoints = point: 40; games: 1; sets: 0 
5/5/2022 14:32:15: [G_Auto 1] :  Store Text Value (Shared) for Hugo Grenier: aServing = serving:1
5/5/2022 14:32:15: [G_Auto 1] :  Store Text Value (Shared) for Daniel Altmaier: bPoints = point: 0; games: 0; sets: 0 
5/5/2022 14:32:15: [G_Auto 1] :  Store Text Value (Shared) for Daniel Altmaier: bServing = serving:0
5/5/2022 14:32:15: [G_Auto 1] :  Store Value (Shared) for market: price = 1.76
5/5/2022 14:32:15: [G_Auto 1] :  Store Value (Shared) for market: totalBack = 1.05
5/5/2022 14:32:15: [G_Auto 1] :  Store Value (Shared) for market: totalLay = 10
5/5/2022 14:32:15: [G_Auto 1] :  Store Value (Shared) for market: stake = 1.05
5/5/2022 14:32:15: [G_Auto 1] :  Store Value (Shared) for market: totalStake = 11.05
5/5/2022 14:32:15: [G_Auto 1] :  Store Value (Shared) for market: pl = 2.2
5/5/2022 14:32:15: [G_Auto 1] :  Store Value (Shared) for market: currentOddsA = 2.52
5/5/2022 14:32:15: [G_Auto 1] :  Store Value (Shared) for market: currentOddsB = 1.7
5/5/2022 14:47:44: [G_Auto 1] :  Store Text Value (Shared) for Hugo Grenier: aPoints = point: 30; games: 4; sets: 0 
5/5/2022 14:47:44: [G_Auto 1] :  Store Text Value (Shared) for Hugo Grenier: aServing = serving:1
5/5/2022 14:47:44: [G_Auto 1] :  Store Text Value (Shared) for Daniel Altmaier: bPoints = point: 0; games: 1; sets: 0 
5/5/2022 14:47:44: [G_Auto 1] :  Store Text Value (Shared) for Daniel Altmaier: bServing = serving:0
5/5/2022 14:47:44: [G_Auto 1] :  Store Value (Shared) for market: price = 2.38
5/5/2022 14:47:44: [G_Auto 1] :  Store Value (Shared) for market: totalBack = 1.63
5/5/2022 14:47:44: [G_Auto 1] :  Store Value (Shared) for market: totalLay = 10
5/5/2022 14:47:44: [G_Auto 1] :  Store Value (Shared) for market: stake = 0.58
5/5/2022 14:47:44: [G_Auto 1] :  Store Value (Shared) for market: totalStake = 11.63
5/5/2022 14:47:44: [G_Auto 1] :  Store Value (Shared) for market: pl = 3.92
5/5/2022 14:47:44: [G_Auto 1] :  Store Value (Shared) for market: currentOddsA = 1.77
5/5/2022 14:47:44: [G_Auto 1] :  Store Value (Shared) for market: currentOddsB = 2.34
5/5/2022 14:47:49: [G_Auto 1] :  Store Text Value (Shared) for Hugo Grenier: aPoints = point: 30; games: 4; sets: 0 
5/5/2022 14:47:49: [G_Auto 1] :  Store Text Value (Shared) for Hugo Grenier: aServing = serving:1
5/5/2022 14:47:49: [G_Auto 1] :  Store Text Value (Shared) for Daniel Altmaier: bPoints = point: 0; games: 1; sets: 0 
5/5/2022 14:47:49: [G_Auto 1] :  Store Text Value (Shared) for Daniel Altmaier: bServing = serving:0
5/5/2022 14:47:49: [G_Auto 1] :  Store Value (Shared) for market: price = 2.38
5/5/2022 14:47:49: [G_Auto 1] :  Store Value (Shared) for market: totalBack = 1.63
5/5/2022 14:47:49: [G_Auto 1] :  Store Value (Shared) for market: totalLay = 10
5/5/2022 14:47:49: [G_Auto 1] :  Store Value (Shared) for market: stake = 0.58
5/5/2022 14:47:49: [G_Auto 1] :  Store Value (Shared) for market: totalStake = 11.63
5/5/2022 14:47:49: [G_Auto 1] :  Store Value (Shared) for market: pl = 3.96
5/5/2022 14:47:49: [G_Auto 1] :  Store Value (Shared) for market: currentOddsA = 1.7
5/5/2022 14:47:49: [G_Auto 1] :  Store Value (Shared) for market: currentOddsB = 2.42
5/5/2022 14:54:07: [G_Auto 1] :  Store Value (Shared) for market: aFirstSetPrice = 1.56
5/5/2022 14:54:07: [G_Auto 1] :  Store Value (Shared) for market: bFirstSetPrice = 2.78
5/5/2022 14:59:52: [G_Auto 1] :  Store Text Value (Shared) for Hugo Grenier: aPoints = point: 15; games: 1; sets: 1 
5/5/2022 14:59:52: [G_Auto 1] :  Store Text Value (Shared) for Hugo Grenier: aServing = serving:0
5/5/2022 14:59:52: [G_Auto 1] :  Store Text Value (Shared) for Daniel Altmaier: bPoints = point: 0; games: 0; sets: 0 
5/5/2022 14:59:52: [G_Auto 1] :  Store Text Value (Shared) for Daniel Altmaier: bServing = serving:2
5/5/2022 14:59:52: [G_Auto 1] :  Store Value (Shared) for market: price = 1.4
5/5/2022 14:59:52: [G_Auto 1] :  Store Value (Shared) for market: totalBack = 1.63
5/5/2022 14:59:52: [G_Auto 1] :  Store Value (Shared) for market: totalLay = 20
5/5/2022 14:59:52: [G_Auto 1] :  Store Value (Shared) for market: stake = 10
5/5/2022 14:59:52: [G_Auto 1] :  Store Value (Shared) for market: totalStake = 21.63
5/5/2022 14:59:52: [G_Auto 1] :  Store Value (Shared) for market: pl = 5.07
5/5/2022 14:59:52: [G_Auto 1] :  Store Value (Shared) for market: currentOddsA = 1.41
5/5/2022 14:59:52: [G_Auto 1] :  Store Value (Shared) for market: currentOddsB = 3.15
5/5/2022 14:59:58: [G_Auto 1] :  Store Text Value (Shared) for Hugo Grenier: aPoints = point: 15; games: 1; sets: 1 
5/5/2022 14:59:58: [G_Auto 1] :  Store Text Value (Shared) for Hugo Grenier: aServing = serving:0
5/5/2022 14:59:58: [G_Auto 1] :  Store Text Value (Shared) for Daniel Altmaier: bPoints = point: 0; games: 0; sets: 0 
5/5/2022 14:59:58: [G_Auto 1] :  Store Text Value (Shared) for Daniel Altmaier: bServing = serving:2
5/5/2022 14:59:58: [G_Auto 1] :  Store Value (Shared) for market: price = 1.4
5/5/2022 14:59:58: [G_Auto 1] :  Store Value (Shared) for market: totalBack = 1.63
5/5/2022 14:59:58: [G_Auto 1] :  Store Value (Shared) for market: totalLay = 20
5/5/2022 14:59:58: [G_Auto 1] :  Store Value (Shared) for market: stake = 10
5/5/2022 14:59:58: [G_Auto 1] :  Store Value (Shared) for market: totalStake = 21.63
5/5/2022 14:59:58: [G_Auto 1] :  Store Value (Shared) for market: pl = 5.11
5/5/2022 14:59:58: [G_Auto 1] :  Store Value (Shared) for market: currentOddsA = 1.41
5/5/2022 14:59:58: [G_Auto 1] :  Store Value (Shared) for market: currentOddsB = 3.15
5/5/2022 14:59:58: [G_Auto 5] :  € 0.58 Back bet placed on Hugo Grenier at 2.38. Entirely unmatched when it initially reached the market.   Ref: 13868
5/5/2022 14:59:58: [G_Auto 5] :  € 0.12 Back bet placed on Hugo Grenier at 7.8. Entirely unmatched when it initially reached the market.   Ref: 13869
5/5/2022 14:59:58: [G_Auto 5] :  € 0.30 Back bet placed on Hugo Grenier at 3.65. Entirely unmatched when it initially reached the market.   Ref: 13870
5/5/2022 14:59:58: [G_Auto 5] :  € 0.86 Back bet placed on Hugo Grenier at 10. Entirely unmatched when it initially reached the market.   Ref: 13872
5/5/2022 14:59:58: [G_Auto 5] :  € 1.05 Back bet placed on Hugo Grenier at 1.76. Entirely unmatched when it initially reached the market.   Ref: 13871
5/5/2022 15:00:08: [G_Auto 1] :  Store Text Value (Shared) for Hugo Grenier: aPoints = point: 15; games: 1; sets: 1 
5/5/2022 15:00:08: [G_Auto 1] :  Store Text Value (Shared) for Hugo Grenier: aServing = serving:0
5/5/2022 15:00:08: [G_Auto 1] :  Store Text Value (Shared) for Daniel Altmaier: bPoints = point: 0; games: 0; sets: 0 
5/5/2022 15:00:08: [G_Auto 1] :  Store Text Value (Shared) for Daniel Altmaier: bServing = serving:2
5/5/2022 15:00:08: [G_Auto 1] :  Store Value (Shared) for market: price = 3.65
5/5/2022 15:00:08: [G_Auto 1] :  Store Value (Shared) for market: totalBack = 1.93
5/5/2022 15:00:08: [G_Auto 1] :  Store Value (Shared) for market: totalLay = 20
5/5/2022 15:00:08: [G_Auto 1] :  Store Value (Shared) for market: stake = 0.3
5/5/2022 15:00:08: [G_Auto 1] :  Store Value (Shared) for market: totalStake = 21.93
5/5/2022 15:00:08: [G_Auto 1] :  Store Value (Shared) for market: pl = 4.96
5/5/2022 15:00:08: [G_Auto 1] :  Store Value (Shared) for market: currentOddsA = 1.38
5/5/2022 15:00:08: [G_Auto 1] :  Store Value (Shared) for market: currentOddsB = 3.15
5/5/2022 15:00:13: [G_Auto 1] :  Store Text Value (Shared) for Hugo Grenier: aPoints = point: 15; games: 1; sets: 1 
5/5/2022 15:00:13: [G_Auto 1] :  Store Text Value (Shared) for Hugo Grenier: aServing = serving:0
5/5/2022 15:00:13: [G_Auto 1] :  Store Text Value (Shared) for Daniel Altmaier: bPoints = point: 0; games: 0; sets: 0 
5/5/2022 15:00:13: [G_Auto 1] :  Store Text Value (Shared) for Daniel Altmaier: bServing = serving:2
5/5/2022 15:00:13: [G_Auto 1] :  Store Value (Shared) for market: price = 3.65
5/5/2022 15:00:13: [G_Auto 1] :  Store Value (Shared) for market: totalBack = 1.93
5/5/2022 15:00:13: [G_Auto 1] :  Store Value (Shared) for market: totalLay = 20
5/5/2022 15:00:13: [G_Auto 1] :  Store Value (Shared) for market: stake = 0.3
5/5/2022 15:00:13: [G_Auto 1] :  Store Value (Shared) for market: totalStake = 21.93
5/5/2022 15:00:13: [G_Auto 1] :  Store Value (Shared) for market: pl = 4.96
5/5/2022 15:00:13: [G_Auto 1] :  Store Value (Shared) for market: currentOddsA = 1.37
5/5/2022 15:00:13: [G_Auto 1] :  Store Value (Shared) for market: currentOddsB = 3.15
5/5/2022 15:00:42: [G_Auto 1] :  Store Text Value (Shared) for Hugo Grenier: aPoints = point: 30; games: 1; sets: 1 
5/5/2022 15:00:42: [G_Auto 1] :  Store Text Value (Shared) for Hugo Grenier: aServing = serving:0
5/5/2022 15:00:42: [G_Auto 1] :  Store Text Value (Shared) for Daniel Altmaier: bPoints = point: 0; games: 0; sets: 0 
5/5/2022 15:00:42: [G_Auto 1] :  Store Text Value (Shared) for Daniel Altmaier: bServing = serving:2
5/5/2022 15:00:42: [G_Auto 1] :  Store Value (Shared) for market: price = 1.3
5/5/2022 15:00:42: [G_Auto 1] :  Store Value (Shared) for market: totalBack = 1.93
5/5/2022 15:00:42: [G_Auto 1] :  Store Value (Shared) for market: totalLay = 20.15
5/5/2022 15:00:42: [G_Auto 1] :  Store Value (Shared) for market: stake = 0.15
5/5/2022 15:00:42: [G_Auto 1] :  Store Value (Shared) for market: totalStake = 22.08
5/5/2022 15:00:42: [G_Auto 1] :  Store Value (Shared) for market: pl = 4.94
5/5/2022 15:00:42: [G_Auto 1] :  Store Value (Shared) for market: currentOddsA = 1.3
5/5/2022 15:00:42: [G_Auto 1] :  Store Value (Shared) for market: currentOddsB = 4.3
5/5/2022 15:00:47: [G_Auto 1] :  Store Text Value (Shared) for Hugo Grenier: aPoints = point: 30; games: 1; sets: 1 
5/5/2022 15:00:47: [G_Auto 1] :  Store Text Value (Shared) for Hugo Grenier: aServing = serving:0
5/5/2022 15:00:47: [G_Auto 1] :  Store Text Value (Shared) for Daniel Altmaier: bPoints = point: 0; games: 0; sets: 0 
5/5/2022 15:00:47: [G_Auto 1] :  Store Text Value (Shared) for Daniel Altmaier: bServing = serving:2
5/5/2022 15:00:47: [G_Auto 1] :  Store Value (Shared) for market: price = 1.3
5/5/2022 15:00:47: [G_Auto 1] :  Store Value (Shared) for market: totalBack = 1.93
5/5/2022 15:00:47: [G_Auto 1] :  Store Value (Shared) for market: totalLay = 29.525
5/5/2022 15:00:47: [G_Auto 1] :  Store Value (Shared) for market: stake = 9.525
5/5/2022 15:00:47: [G_Auto 1] :  Store Value (Shared) for market: totalStake = 31.455
5/5/2022 15:00:47: [G_Auto 1] :  Store Value (Shared) for market: pl = 4.94
5/5/2022 15:00:47: [G_Auto 1] :  Store Value (Shared) for market: currentOddsA = 1.29
5/5/2022 15:00:47: [G_Auto 1] :  Store Value (Shared) for market: currentOddsB = 4.3
5/5/2022 15:00:49: [G_Auto 4] :  € 2.22 Back bet placed on Hugo Grenier at 1.54. Entirely unmatched when it initially reached the market.   Ref: 13883
5/5/2022 15:00:52: [G_Auto 4] :  € 1.60 Back bet placed on Hugo Grenier at 10. Entirely unmatched when it initially reached the market.   Ref: 13887
5/5/2022 15:00:52: [G_Auto 4] :  € 1.36 Back bet placed on Hugo Grenier at 1.88. Entirely unmatched when it initially reached the market.   Ref: 13889
5/5/2022 15:00:52: [G_Auto 4] :  € 0.85 Back bet placed on Hugo Grenier at 2.42. Entirely unmatched when it initially reached the market.   Ref: 13888
5/5/2022 15:00:52: [G_Auto 4] :  € 0.50 Back bet placed on Hugo Grenier at 3.4. Entirely unmatched when it initially reached the market.   Ref: 13890
5/5/2022 15:02:30: [G_Auto 1] :  Store Text Value (Shared) for Hugo Grenier: aPoints = point: 0; games: 2; sets: 1 
5/5/2022 15:02:30: [G_Auto 1] :  Store Text Value (Shared) for Hugo Grenier: aServing = serving:1
5/5/2022 15:02:30: [G_Auto 1] :  Store Text Value (Shared) for Daniel Altmaier: bPoints = point: 0; games: 0; sets: 0 
5/5/2022 15:02:30: [G_Auto 1] :  Store Text Value (Shared) for Daniel Altmaier: bServing = serving:0
5/5/2022 15:02:30: [G_Auto 1] :  Store Value (Shared) for market: price = 1.2
5/5/2022 15:02:30: [G_Auto 1] :  Store Value (Shared) for market: totalBack = 1.93
5/5/2022 15:02:30: [G_Auto 1] :  Store Value (Shared) for market: totalLay = 90
5/5/2022 15:02:30: [G_Auto 1] :  Store Value (Shared) for market: stake = 50
5/5/2022 15:02:30: [G_Auto 1] :  Store Value (Shared) for market: totalStake = 91.93
5/5/2022 15:02:30: [G_Auto 1] :  Store Value (Shared) for market: pl = 2.41
5/5/2022 15:02:30: [G_Auto 1] :  Store Value (Shared) for market: currentOddsA = 1.2
5/5/2022 15:02:30: [G_Auto 1] :  Store Value (Shared) for market: currentOddsB = 5.7
5/5/2022 15:02:32: [G_Auto 3] :  € 3.86 Back bet placed on Hugo Grenier at 10. Entirely unmatched when it initially reached the market.   Ref: 13899
5/5/2022 15:02:32: [G_Auto 3] :  € 3.91 Back bet placed on Hugo Grenier at 1.51. Entirely unmatched when it initially reached the market.   Ref: 13900
5/5/2022 15:02:32: [G_Auto 3] :  € 5.89 Back bet placed on Hugo Grenier at 1.34. Entirely unmatched when it initially reached the market.   Ref: 13902
5/5/2022 15:02:35: [G_Auto 1] :  Store Text Value (Shared) for Hugo Grenier: aPoints = point: 0; games: 2; sets: 1 
5/5/2022 15:02:35: [G_Auto 1] :  Store Text Value (Shared) for Hugo Grenier: aServing = serving:1
5/5/2022 15:02:35: [G_Auto 1] :  Store Text Value (Shared) for Daniel Altmaier: bPoints = point: 0; games: 0; sets: 0 
5/5/2022 15:02:35: [G_Auto 1] :  Store Text Value (Shared) for Daniel Altmaier: bServing = serving:0
5/5/2022 15:02:35: [G_Auto 1] :  Store Value (Shared) for market: price = 1.2
5/5/2022 15:02:35: [G_Auto 1] :  Store Value (Shared) for market: totalBack = 1.93
5/5/2022 15:02:35: [G_Auto 1] :  Store Value (Shared) for market: totalLay = 90
5/5/2022 15:02:35: [G_Auto 1] :  Store Value (Shared) for market: stake = 50
5/5/2022 15:02:35: [G_Auto 1] :  Store Value (Shared) for market: totalStake = 91.93
5/5/2022 15:02:35: [G_Auto 1] :  Store Value (Shared) for market: pl = 2.41
5/5/2022 15:02:35: [G_Auto 1] :  Store Value (Shared) for market: currentOddsA = 1.2
5/5/2022 15:02:35: [G_Auto 1] :  Store Value (Shared) for market: currentOddsB = 6
5/5/2022 15:02:35: [G_Auto 3] :  € 0.95 Back bet placed on Hugo Grenier at 3.1. Entirely unmatched when it initially reached the market.   Ref: 13903
5/5/2022 15:02:35: [G_Auto 3] :  € 1.93 Back bet placed on Hugo Grenier at 2.04. Entirely unmatched when it initially reached the market.   Ref: 13904
5/5/2022 15:06:13: [G_Auto 1] :  Store Text Value (Shared) for Hugo Grenier: aPoints = point: 0; games: 3; sets: 1 
5/5/2022 15:06:13: [G_Auto 1] :  Store Text Value (Shared) for Hugo Grenier: aServing = serving:0
5/5/2022 15:06:13: [G_Auto 1] :  Store Text Value (Shared) for Daniel Altmaier: bPoints = point: 0; games: 0; sets: 0 
5/5/2022 15:06:13: [G_Auto 1] :  Store Text Value (Shared) for Daniel Altmaier: bServing = serving:2
5/5/2022 15:06:13: [G_Auto 1] :  Store Value (Shared) for market: price = 7.8
5/5/2022 15:06:13: [G_Auto 1] :  Store Value (Shared) for market: totalBack = 2.05
5/5/2022 15:06:13: [G_Auto 1] :  Store Value (Shared) for market: totalLay = 90
5/5/2022 15:06:13: [G_Auto 1] :  Store Value (Shared) for market: stake = 0.12
5/5/2022 15:06:13: [G_Auto 1] :  Store Value (Shared) for market: totalStake = 92.05
5/5/2022 15:06:13: [G_Auto 1] :  Store Value (Shared) for market: pl = -2.33
5/5/2022 15:06:13: [G_Auto 1] :  Store Value (Shared) for market: currentOddsA = 1.16
5/5/2022 15:06:13: [G_Auto 1] :  Store Value (Shared) for market: currentOddsB = 7.2
5/5/2022 15:06:18: [G_Auto 1] :  Store Text Value (Shared) for Hugo Grenier: aPoints = point: 0; games: 3; sets: 1 
5/5/2022 15:06:18: [G_Auto 1] :  Store Text Value (Shared) for Hugo Grenier: aServing = serving:0
5/5/2022 15:06:18: [G_Auto 1] :  Store Text Value (Shared) for Daniel Altmaier: bPoints = point: 0; games: 0; sets: 0 
5/5/2022 15:06:18: [G_Auto 1] :  Store Text Value (Shared) for Daniel Altmaier: bServing = serving:2
5/5/2022 15:06:18: [G_Auto 1] :  Store Value (Shared) for market: price = 7.8
5/5/2022 15:06:18: [G_Auto 1] :  Store Value (Shared) for market: totalBack = 2.05
5/5/2022 15:06:18: [G_Auto 1] :  Store Value (Shared) for market: totalLay = 90
5/5/2022 15:06:18: [G_Auto 1] :  Store Value (Shared) for market: stake = 0.12
5/5/2022 15:06:18: [G_Auto 1] :  Store Value (Shared) for market: totalStake = 92.05
5/5/2022 15:06:18: [G_Auto 1] :  Store Value (Shared) for market: pl = -3.13
5/5/2022 15:06:18: [G_Auto 1] :  Store Value (Shared) for market: currentOddsA = 1.12
5/5/2022 15:06:18: [G_Auto 1] :  Store Value (Shared) for market: currentOddsB = 8.6
5/5/2022 15:14:17: [G_Auto 1] :  Store Text Value (Shared) for Hugo Grenier: aPoints = point: 40; games: 3; sets: 1 
5/5/2022 15:14:17: [G_Auto 1] :  Store Text Value (Shared) for Hugo Grenier: aServing = serving:1
5/5/2022 15:14:17: [G_Auto 1] :  Store Text Value (Shared) for Daniel Altmaier: bPoints = point: 30; games: 1; sets: 0 
5/5/2022 15:14:17: [G_Auto 1] :  Store Text Value (Shared) for Daniel Altmaier: bServing = serving:0
5/5/2022 15:14:17: [G_Auto 1] :  Store Value (Shared) for market: price = 1.1
5/5/2022 15:14:17: [G_Auto 1] :  Store Value (Shared) for market: totalBack = 2.91
5/5/2022 15:14:17: [G_Auto 1] :  Store Value (Shared) for market: totalLay = 190
5/5/2022 15:14:17: [G_Auto 1] :  Store Value (Shared) for market: stake = 100
5/5/2022 15:14:17: [G_Auto 1] :  Store Value (Shared) for market: totalStake = 192.91
5/5/2022 15:14:17: [G_Auto 1] :  Store Value (Shared) for market: pl = -5.57
5/5/2022 15:14:17: [G_Auto 1] :  Store Value (Shared) for market: currentOddsA = 1.1
5/5/2022 15:14:17: [G_Auto 1] :  Store Value (Shared) for market: currentOddsB = 8
5/5/2022 15:14:20: [G_Auto 2] :  € 3.62 Back bet placed on Hugo Grenier at 1.39. Entirely unmatched when it initially reached the market.   Ref: 13924
5/5/2022 15:14:20: [G_Auto 2] :  € 26.99 Back bet placed on Hugo Grenier at 2.84. Entirely unmatched when it initially reached the market.   Ref: 13925
5/5/2022 15:14:20: [G_Auto 2] :  € 6.20 Back bet placed on Hugo Grenier at 1.23. Entirely unmatched when it initially reached the market.   Ref: 13927
5/5/2022 15:14:20: [G_Auto 2] :  € 2.42 Back bet placed on Hugo Grenier at 1.59. Entirely unmatched when it initially reached the market.   Ref: 13929
5/5/2022 15:14:20: [G_Auto 2] :  € 8.86 Back bet placed on Hugo Grenier at 1.16. Entirely unmatched when it initially reached the market.   Ref: 13930
5/5/2022 15:14:22: [G_Auto 1] :  Store Text Value (Shared) for Hugo Grenier: aPoints = point: 40; games: 3; sets: 1 
5/5/2022 15:14:22: [G_Auto 1] :  Store Text Value (Shared) for Hugo Grenier: aServing = serving:1
5/5/2022 15:14:22: [G_Auto 1] :  Store Text Value (Shared) for Daniel Altmaier: bPoints = point: 30; games: 1; sets: 0 
5/5/2022 15:14:22: [G_Auto 1] :  Store Text Value (Shared) for Daniel Altmaier: bServing = serving:0
5/5/2022 15:14:22: [G_Auto 1] :  Store Value (Shared) for market: price = 1.1
5/5/2022 15:14:22: [G_Auto 1] :  Store Value (Shared) for market: totalBack = 2.91
5/5/2022 15:14:22: [G_Auto 1] :  Store Value (Shared) for market: totalLay = 190
5/5/2022 15:14:22: [G_Auto 1] :  Store Value (Shared) for market: stake = 100
5/5/2022 15:14:22: [G_Auto 1] :  Store Value (Shared) for market: totalStake = 192.91
5/5/2022 15:14:22: [G_Auto 1] :  Store Value (Shared) for market: pl = -5.57
5/5/2022 15:14:22: [G_Auto 1] :  Store Value (Shared) for market: currentOddsA = 1.1
5/5/2022 15:14:22: [G_Auto 1] :  Store Value (Shared) for market: currentOddsB = 8
5/5/2022 15:14:23: [G_Auto 2] :  € 1.12 Back bet placed on Hugo Grenier at 2.26. Entirely unmatched when it initially reached the market.   Ref: 13931
5/5/2022 15:14:23: [G_Auto 2] :  € 1.65 Back bet placed on Hugo Grenier at 1.86. Entirely unmatched when it initially reached the market.   Ref: 13932
5/5/2022 15:21:43: [G_Auto 1] :  Store Text Value (Shared) for Hugo Grenier: aPoints = point: 15; games: 4; sets: 1 
5/5/2022 15:21:43: [G_Auto 1] :  Store Text Value (Shared) for Hugo Grenier: aServing = serving:1
5/5/2022 15:21:43: [G_Auto 1] :  Store Text Value (Shared) for Daniel Altmaier: bPoints = point: 30; games: 2; sets: 0 
5/5/2022 15:21:43: [G_Auto 1] :  Store Text Value (Shared) for Daniel Altmaier: bServing = serving:0
5/5/2022 15:21:43: [G_Auto 1] :  Store Value (Shared) for market: price = 1.16
5/5/2022 15:21:43: [G_Auto 1] :  Store Value (Shared) for market: totalBack = 11.77
5/5/2022 15:21:43: [G_Auto 1] :  Store Value (Shared) for market: totalLay = 190
5/5/2022 15:21:43: [G_Auto 1] :  Store Value (Shared) for market: stake = 8.86
5/5/2022 15:21:43: [G_Auto 1] :  Store Value (Shared) for market: totalStake = 201.77
5/5/2022 15:21:43: [G_Auto 1] :  Store Value (Shared) for market: pl = 12.92
5/5/2022 15:21:43: [G_Auto 1] :  Store Value (Shared) for market: currentOddsA = 1.22
5/5/2022 15:21:43: [G_Auto 1] :  Store Value (Shared) for market: currentOddsB = 5.5
5/5/2022 15:25:16: [G_Auto 1] :  Store Text Value (Shared) for Hugo Grenier: aPoints = point: 99; games: 4; sets: 1 
5/5/2022 15:25:16: [G_Auto 1] :  Store Text Value (Shared) for Hugo Grenier: aServing = serving:1
5/5/2022 15:25:16: [G_Auto 1] :  Store Text Value (Shared) for Daniel Altmaier: bPoints = point: 40; games: 2; sets: 0 
5/5/2022 15:25:16: [G_Auto 1] :  Store Text Value (Shared) for Daniel Altmaier: bServing = serving:0
5/5/2022 15:25:16: [G_Auto 1] :  Store Value (Shared) for market: price = 1.23
5/5/2022 15:25:16: [G_Auto 1] :  Store Value (Shared) for market: totalBack = 17.97
5/5/2022 15:25:16: [G_Auto 1] :  Store Value (Shared) for market: totalLay = 190
5/5/2022 15:25:16: [G_Auto 1] :  Store Value (Shared) for market: stake = 6.2
5/5/2022 15:25:16: [G_Auto 1] :  Store Value (Shared) for market: totalStake = 207.97
5/5/2022 15:25:16: [G_Auto 1] :  Store Value (Shared) for market: pl = 21.53
5/5/2022 15:25:16: [G_Auto 1] :  Store Value (Shared) for market: currentOddsA = 1.27
5/5/2022 15:25:16: [G_Auto 1] :  Store Value (Shared) for market: currentOddsB = 4.7
5/5/2022 15:33:25:  Guardian has detected that the market is suspended
